{
  "name": "custom.remote.python.spacex",
  "version": "1.002",
  "metricGroup": "tech.SpaceX",
  "technologies": [
    "SpaceX"
  ],
  "favicon": "https://imgur.com/H0kgC2m.png",
  "type": "python",
  "entity": "CUSTOM_DEVICE",
  "source": {
    "package": "spacex_extension",
    "className": "SpaceXExtension",
    "install_requires": ["requests"]
  },
  "properties": [
    {"key":  "url", "type": "String"}
  ],
  "configUI": {
    "displayName": "SpaceX",
    "properties": [
      {"key":  "url", "displayName":  "SpaceX API URL", "displayHint":  "http://54.158.160.249/v3/ships"}
    ]
  },
  "metrics": [
    {"timeseries":       { "key": "fuel", "unit": "Count", "displayname": "Fuel" }},
    {"timeseries":       { "key": "thrust", "unit": "Percent", "displayname": "Thrust", "dimensions": ["Engine"] }}
  ]
}